from,to,amount,rate,converted_raw,fee,converted_net
INR,USD,1000,0.014013,14.0135,0.0701,13.9434
INR,EUR,1000,0.012482,12.4818,0.0624,12.4194
INR,JPY,1000,1.522765,1522.7653,7.6138,1515.1515
USD,INR,50,71.36,3568.0,17.84,3550.16
GBP,INR,100,94.6921,9469.21,47.346,9421.8639
AED,INR,500,19.4309,9715.45,48.5773,9666.8728
EUR,JPY,200,121.999086,24399.8173,121.9991,24277.8182
